wallet,token,roi_percent,realized_sol,cost_basis_sol,avg_buy_price,status,buy_signatures,sell_signatures
BArVTLWvoqDpgCMrHDvYZM6cqS7egct5L7U8FfL7HUJD,71Jvq4Epe2FCJ7JFSF7jLXdNk1Wy4Bhqd9iL6bEFELvg,77.44,17.7494,10.0029,1.8983e-06,Sold,"4ijCuT5Y3vHjBrxTkgfZyE9eLpqmftvn9jKT7J1EYgQMZSEfgQ1oxrjEpZx84kTNxaCy5dKvWgM8TyYEEcKLCbHr, 5t7r9y4DnjXVBoznQyWdJpsFkG5Nhz2wVbwk7UvhnzdFUhJVuUHqzoMCzuLPGwhtanQ8hw8CwTvrBuSapAvYPgL6, 3p1dPe1WJ7icnW3vXW8JnxkM3u1JDxSU17NwzztkuZ7RVMnr9pKyBpHD2KuotaBvPt75yVDujQsWREVz3gEgVmhP, 559qMHtCvT2ws7H7HS7vRY34ECA7VSiqXJPaxEpDE31saRF9AY9QcX1UjK9jh6PQ3tbkKkB6dU9FfJe1wXurUjXK","2apVxtmtXxaGi1k6LhqdK6bdz1cS1V8bq2uKLEP4PJ2uLtTA7AoB8dQ9MPcLtJrewKjhunoMhb9a7Ns2r5jU3XAE, 2hsspyXNWZFR1HH92LBuQVN6bKuprxgjJqy58wocq4CXeb6PeLMACrp3KxpbdbqgshvziUjRAgqV7uj2g6Wrpuij, 3axjT4HSpEb6k1gA7jZA8S51fpRVTFS96cD37o8PhM5APcUfYVbPPgSRjo5Z7qrZDDRBMxc5ZgmM72AP28ooi616, 2YM4efbmWYcWn83w9hbtsF5dYMVzfuyhbkUkcoNnMWceNEn6pguuaRYfWLap39nQmzp1AaxujrYE86tKAMf7ajFr"
7pTD6KbAmfnZwe52DPykEwSkrUKSDHwdEPtd7ccNw5V4,71Jvq4Epe2FCJ7JFSF7jLXdNk1Wy4Bhqd9iL6bEFELvg,80.59,7.231,4.004,7.88e-07,Sold,"59HvYN99UeCrVCHazVrazXWMRdbTV3X8NkkyqsxmPBceGGQaQF3TfPEFj7DiFnSGD5GxzuysbNU438fMuQu4vt1i, sUYhhTeCWpTWP4fSRD7ExYmXSuuEmHYrNqfSLHwYrGZp743ayQ9T2SS9hkGZT2fRu7yv6NdiLwNSTr1u2aFQzWW","5aS8s6nBG63toiKdXcW3xXwkwjRp7EpLtF8NUkyQvx7zF1m3Ejjt88ub76Xp44Z9QFFP7i4VdZV9GbPFHqdMrnwJ, 3RA8vZhPacpYic11X4yRxG3XA1qpdk1UAEihGPndcneftccW36c5Uvdr4qyPWScMjZSCLhoYqg6eo61mD7wsJc1H, 41qEvfLrLYqPKWtBgEDFJpJ9Z1QwNeuhWK9sQTkqFsBtbwQ7ANdXByvH2Cn5opWyWgWoNSAgBJ6tN8kNBXUN9svB, 3Pe5o9uWu2MUZKBdEit2uAbBHwbwMF8sUhvwtGiznrBZWLMrANk1cMp1BBhNrRhRkxdREsqB5S8x4v7WDQghWKrw, 3QNaTzXCqbZ2jt7RFCEGPfowiCzRATFGfyS6p5WcBF7FxqxFgJBCG7RtuVoZnpMeaVabXds8ycZqqK4D84QwzvMg, 4iZiRyLaAHbd3BM7d2rMvmEmYAeFNmwL7Yc5GuxELwmYABR6q8YtfTXMQzBHcKGK4HRaYFga25AaNvdrem2rQ6ob, 5GAranPChPrdsKoc6QT1EQ295UjA2rP7VNscQACyfwe69ZRzUmfc74kC2zeFU8E2cDZbS7V2aQ89XXPh6BChhZc2, 5vCpzqeWQt4uZddqXPLXFXQgJgUQK8uqDqoU9E1kNH1SzhYeicdqcsoeGCmxNVV1AhAtt4KjKJonKdeGmCPjd1FT, DtBcDCkaZS2rnkDK7ER4PJwZRxgDzzTQ2mEqZPAvBuRUew1C4UeFok7PF2Bo7PS7xfYVqb9kaNhXJE2E885WAdw, S3bTgQRVDxsqqaCT7cvbimPFwapbcL5LFGAiSJV1P2K2Xad2y1iux1y6w1FWvUcReAWbsfceVWb3U26XMuRTvM4, 5oYWepyRQZcRZP63WjjkXpjWEo3yYVKo2FMwRivM7yo5nQ9tDEQXRaVWYL3uiudgCLPdSiBWxkcjiGT52HHj5gDG, 61aFcaLUFteani7eY7TrMnA5KKgXfpxrXuSeaw4SmQNihjoGdRM3VaYTKnFxwsWwvgNVJyJUeQ5UPuyc9bhuyxNF, XC1SU3mvSJEh8UFSdU6AYeM2RwviX3eWNz3NgnrmZTDddaFPeeAha1fhnQjCPKpjnZUUja4Y5vdHXa4nVCwStdA, 24Qov6fzWeVRU9Rur1TPzaBte6az8KdKxckKwsmugHh2Yi6PkTDMTV1WMLpAKwjrz94BN652MV6qA9rWUk3zwkGH, PiDrnfeoeJkbKNyBsi4f8AoZ3SUiDvB3HhwR9yAGiX7RRjkCx27DnWQmBxXLErc5ErAbDXiWzABLx5N2wmvuZaY, QH9q5PAj6n298bFJwenfXrVeeUurLxpBDfsGwhg8sX8ju7pqfxz6i3oWEErjPW488HuGNRjsUUQEvLGppPnGccC, 5gbSw2DH3VJR87V6uPjM82scyfFHNVuS56T3eVoEaB1QvRDKABXfj8iz5zegQzA4NsnPSxuLfR2R2rVjDkdDtyq, 31s29Q5abg4K7HduhMRcBiPqkah67qZciW6oQWrfftZ6avbXkxjzk6wnkNvf9kzcMFRVePvUJHFcuZKDMqHHtchL, 5Jre4wTud3sqA2Y5LAg1uQ2w6KP7zGYSYMNzeWnwWVy8smNQwEFPKJ93Zu5tkwfGYMFhdM8yExSrfzr7mr8xvSve, 4dkKRogb5ScJBch8xDd6JD9DmAEq7jdxQwVf7KuMjhjeqNQNmVyLSdZ39Gq3QEAF59b3KuGqd7H8JasKtV51GVyE, 2BsapXayy9FZA3R2Cj8xUYwr2FBa4bGAVnBrmkfkDtfCN95FGH5gnpTNRYeYbvR2XeRG6ZpTYVJbVkbXDoEZ58SW, 3oSiU3FchEwuCwDS6kLE1yiLvNHfQsBu4UZ7vgVcgTPsQDpGbBF2dGDjQskiu6N8wBwz5fw7MMkorZL4UewxVNbK, vmcjS6gAQc1jdQeN7UdnRXNk29wvvUWFevpk7tuutdtbHLVRLkTiWpcBRuqi1Z4NiF7UxmbwLW2Q8XDRBHEdgjW, 2hy7MzSPgBnXDPE26NnpdSuESFATgGgvLigAGF13H1DyY9pfuccAJgaBrdVXMLqkf4wd1XF45Qi5KZw6xjrDfusE, 3kD6i55vfhK7312Lg2Eyq7g2QsA7bB1kiHrM5XhfcCdqr5T7ELVZHDMxJ3CRdLf7geCmUyC7iSKUoYaHBGaLk6qs, 3CSJAQh8kmnJBVLAcDY166rnu7Z933wAAxFXZveGFTbPk22F6SFiwZur1NgMe6WHeiFSbNHhndG9ofcNBawdc4kb, 2ZsDxB74XoysimbDjxgbu1pgLuyvkeZKCazp2uVjm8DZCFNF336Sjov8VJTJj7yNypJzUXY7yidiwvaYqmG7ntK1, 2EmL8e44JAt1QnkVXRJE1sAKd9QeUXes3iaq9VT5w4Qz9fDBrajAmoPrrNb69gg2rhaJYQuj3c9arPTrwNM1fki3"
4w1s9cviQLgXQ2y4dkj1JTDE1nkgj4J49bLiCMQb17tY,71Jvq4Epe2FCJ7JFSF7jLXdNk1Wy4Bhqd9iL6bEFELvg,1081.89,17.752,1.502,8.25e-07,Sold,5HPQEY9QvhCD48tzbbUTZdyamUx2r7YF58cQWFehQrsdCLrML13wJmfk3xXCU3z2krwMMsGgy9GRLYLmewgdGtNY,"5VxBoBMJs8iAv9AFy2qTeURzsHVYECVBXfQTZmFNteshBgsw2gT3HzLRoXiCjnkUaYJQhPUxjbYmAcAgRFUJMkie, 3xxuX9AG5ujrCMqHcG37in1L42Pfp7xfUj1k612FuK9ZSmsUa5oWJemdYaovy8Zq6mFMtj7TiK9zniH5HAQqiQ8j, Lt9f4PbVrqwEGTFH4YheNFr3EkEKDtihPoejkhhfoK6xorpWqN99w2Gd9GcuN9PWLukwoFY6ZqLDCV8bJghttpS, 4zYJBMACLfEJJAUbkQR1FA2wvav9oCA9ThrPdhXhmw2onM9jzxaAzuBG2kfsAW6DX12XPWVKpYa5EEijJSvef94N, 32YV5cDNrbw5Ph4s1NXQz2ri8dZtjj5qAd7h5wUaoy3tw2JXAahb6HA4UzMwVGensT88DHLcJbQHMjLShtT3Ck1Y, 3z5nitvqTtyv9W5MGiiTr8F79PvXbZkgX4d7pun7EBPJjGdXHedB8jxfZHQQmbRAnL7QCrwCgMxqkv6A2V4FFWx9, 423rwBMjvK6rVvYmAP7qHneMkzn4mCJPngsZFxFFVj61bDvGLVGZeES6Dq2upfNhiAAryWADS5K3JV9gydKnXgN7, LHWBtyZxL7Sz6W8fB7vLLYtqrkaKTEcitaZMyhZEydnSfFyHDTaea1YG72j3n6zxSgzk1jmNTz8EoKXNBJiZVDn, 5T9T59gNhKvFyp1icrm4YnGZeVarckGR8ENkdT52GmZks32fenzUHeCX2Ph5tX1rEGvKY4UZLs9ZmWthquoUVoG, x6w793nSkR6QWBQMFfQBB5AbbQbMYqfUJ3ruAUuMiRzEfWpXVNwFF6yd1hXjFjC48siy5DhWZQqC8drWXpQ3QCq"
Fq8UYoZ1obJS4JUVTopoBED4a3ENMTFDvykgbPKDhKeU,71Jvq4Epe2FCJ7JFSF7jLXdNk1Wy4Bhqd9iL6bEFELvg,620.03,57.8618,8.036,8.163e-07,Sold,"4K3cNrzTbxFKnmKRjLTXudhX1BrASnAe3V7xifg34E2UQYkiGrgNTYBwtcxAJE17xgCNeejsCeQaw8ZS9rhGb1CC, 2xjcQVt2Yk6WK6MBN6TSx6LHm6GJAVMmzmdQtwrrKYZG7tjekn5kLF3eJAhE7pfVJ3CzRo3nLa5X5wfC66YzCcjw","SYtJejQs2mKZFtTKMPZ1aPLZA2Hkve2GYN5fEreKq249Fm4XX2yJCKtVdHjmnM6xZvLT4oyoLdNLmBGrR65X5c1, BZiwkWGcAt7k7FVPGoG1EwiSYBoCMB5er3JbEvFjuoADdKZ6QuwWPbY53tVLFYTnEPXH8eQ4vLy6osqZjARpEhi, 2ZiLi47jdR3K9Uu9Ajtatyzn891g95TJR4NKcPoTrPj5wdxW12uxtTioh7PYuf1CXyZh9wvkVQescKnj18UFMRqi, 4Qo6cZpPgbdiYGfxbTyTGmebccQsjCSv34X9tPZf3etdmx7gcRrEkXTaKBccFZccDJbg5yxQtQVJaRgRorxSg4ZL, 65WceEp2296o64QrhRSCaDsWnK72h1E3cS2HbPLpvs68hsGhGaJbjD5MarnwxVenD974WUYm7BJUq4o6ktiSFNo1, nPHTe5S6LCAQfbuuuU1AhMdqjVmcj24c2ttoqEvwTDJdH6DZv58DXDQYfqTKKRmivhwUW7zgCTWA92yr11eXoPH, 5ahMkQoV4oESBRbAbunMkHVwDvdjYHJNMHXfV8BXiAfKqWNhWERcTaCkahP5HnQSaPYssyYwXoEbSGMvFkujieaK, 35nyj28DBfZpG3awcuXv5szkzUTKGDk4CMNebRkPSpuJPdpkN83eupKqZ6fVnUdWeBeCMKHkvzYtRPv33LT4wzsD, 5Jibwu8N8pnZ7oDP3rCGLG1HV5JD8F8eUaCRwdKWqcmkjdcucwxK2zseauBstRTkXvYoy1AczwdFfWNg4o8DZi1k, 3USZNPjsnBcPz6juhoth7EJNdQ8WXacDCPc2w7YBpUuG3t3sL1y4311Ec84joym8tF1YFeopG78VKw2ndej1TdVN, 3twYbYDapLcYj4f6twvVyQkQCEmNJKB4oj13nQwuVi4c42Xs4fHc3FUN3cWXkEbH2ZPwDVJTxFDEG9sPMmFsbJZu, jt9BPez4FtZ9xnnP8ZtBVernksy9TpjJ4KpqVSqkVjbtYBsEqXeUaNRsSkfPSXBameZdjs5JcKcN2phpYg3YVsg, 2rc4vM8LnFjtHfW2zJvXyTSmiRv3xb7HWF3G2vJ8uuqWLcDtzeQd7y2yNhZXg7kMeT1hUgdXH4MAaQw8qrVH9tDg, 4DbM9j9V5WPLp4eL7Lkgs5qmwXrp2DeZZcu9bx2Gws4bjrXFcU8kR96YGW9KxTGRFD888A5DpLJ7YfD17rPd3XFK, 5H4jKBQQPjM5R14M1HTvZ4eZPEou8YJ3phkd6Dp1PYw1iFSzVNFmidK9fZGj8p7tLWygzzuR88gJbyiWjcf6Lu9V"
SussybqBBZdrYUvUpNxxT26FFxmX6aksvH57siWTyri,71Jvq4Epe2FCJ7JFSF7jLXdNk1Wy4Bhqd9iL6bEFELvg,10.71,19.8319,17.9129,1.3692e-06,Sold,"2PqjMaMwehXjy8dwK6nSt4z2Bx7JGx3LPPruifeeRyxiPzAeawR1XRQgFx7fftTz74EmiVdW73LDo67A5s32LJgB, WAzK7aUEcqVPCFWUC2R7MMhpbdDven1sCwnr8n2Zy77Vws52YGshS3BdHtkXqg3F94bBsUeyvMJkbUdWNR6yMQu, 5DTqP1XqbrBGYheiNZtcDKBEboEjufsSBgsRTsgr5uiDp2fTN1BFYa6bZE6xa4sT21KatkPgxcb2ra8hXbyEWkco, 4NYvfV4GWW5twBzBQ1G9Wx7oiy65fUx38UKU32PeDmrTbxkFJHEKUekfZojExPQ2YfttidjuDUJVtr7BpFPCHsh8, 4YriyhKFiarWuNub3iJGReTFBBBH3WgeYHPS2SN6XPqH2kJ9Hi3JsAaqk3xzXCEWrmxPmvhGRhUpGp3dhW1VQrj5, 5G3u1JSPeKjEtrKUYprkjwvwhppYaob4tJ4JQfhztic3wAXQdWdhVpxTWjMijJ9myUCMePFK3oGbmWDeVigLSaWP, 4CY8RH3Ei1kbc34MB1FzZQCxmjvwLuYy5qBorjLbveHACSvPjzhSCMr9uUbb5mpcYYiwdk8eLtstU4STN8hqcn9s, 5C7vhJEVwHbJ2s4n351J92WtdRC1RdEcn3QHKvXT6VVYtioCutHoJmiA2nhrCU2Rm9TDYgDJapgeEymYxtpBr4Cz","2zswZQ9Nrs4biW57USbp8MHcx67G5c8sqoXF4qPrf1xGMqjPt7C2cDQ5eq7Dd1R49tZDh3ruHU1QauruR3ddL6zu, 3WTpuCJQ8TfJrPrJniuZLS36a7MPbw6JZFe6VLGMekiwLC4duBTL3dxZoRLs37z6gZqfHUmZiQJDRyz8ZCzggyAx, MHXkNJWC5eyDktM6yNc1C5vvQQDz4TH3ziYs6ZAVWro1qmdhYXWkjf3uH7ZxkiGNCabiVU6JG7AbBxtuFhfogix, 357pEhhULgx6J2LU31QE3XwCCD6Ssh4JwJw8CvyumyUWwXaBBgYf2XH7qcq14FPghkbeFzGabAPpegsRZE9JJg7v, 5j5dZH9aetajT7VaNtyXzY1xPmom2dAmQXne3BSh8LW5P9pifouzpbebP2JtWmzorHVYsqpW3SgufLCFA6yfkLj2, 57CNFuVenDwm1vqRc3q2bnHV6zCkLqD2UoaDJMSEipDMuXKMbcK6mmcbzzwFAXNxDTibgf4oeiGtUkCV1kxpZdJL, 5KqNc56W4TpQLp8wD35foD1sUfTpNxoTQkD9JQUwyJpXPdCBNEBS7Bbx2q18uDfcHukxoeNgkdRwP724BtimbAnd, 3KYkLnwkPuHURBV63WrX9uXiFqQzYGKnC5CS5LDXo9d5WD6usArDF6HVx9Di6Au21qwA1bhTdx5QwAn28ktXzFhJ"
9gXWpNKzxG2QyvMFFSg1p8RtW79tBvTt3nmA5by1oMez,71Jvq4Epe2FCJ7JFSF7jLXdNk1Wy4Bhqd9iL6bEFELvg,446.35,16.4015,6.004,8.253e-07,"Partially sold, holding 3637542.6575 tokens",5ksCzhWf3B3pior5dQFPbupa3g9Fvvn7XTBNvLQ5xPRFyA79RPen5dJY76SsvRRxo9oYsDKMnfsTYpnti7R8BZM3,4e5RUfQ7HE3F93Tgm5DYa3A3ze3fLfBh6LL7X97aimMA5RAjLE7N6Lb4oaUfZXGi5y6f1DQNZrS15vy9Hx8NEurh
5zDu7gG14jouysXu1prUuanjEhu2EkGSsbx5qr14TTgM,71Jvq4Epe2FCJ7JFSF7jLXdNk1Wy4Bhqd9iL6bEFELvg,3.83,2.0809,2.004,8.257e-07,Sold,3Rs2tvUuisGUMuXDy4jzP4YgdTePUXWGHeGH9g3Zv3Qjr7S28hu79SdRuaKXpyCpiR9HXV5D7KiztDU8vZW3PJ7H,4ZJsNecsjovu2m2Bq3uErqbM5AkY4vv9jRnxQKcDApiu3Zeu4WD6kRvJtrk8Tkr5fi1G3eAyqCHuLUVKcCMRFeFt
YvEsBWpHK5PJ6Q8m4YrocwKeWys1NG67pbgi73UPnuX,71Jvq4Epe2FCJ7JFSF7jLXdNk1Wy4Bhqd9iL6bEFELvg,176.12,27.9271,10.114,9.178e-07,Sold,3vNamsQdR26jYW7KYsA7k54RVyNW42eBhQeRbMtbRYTEzuXvewkx4dPdbDnKVxe9vfMhBryJ8TywmEXwQ9UTWxN8,"5dRtfjy86meXNsEM5MfPxRwYK2EaWATtcT6Nw1cf3hVd7U6BsrkovNk1Dv8yGABpE1HQcv6Ppm66Ffu8otCDyYaB, J7ZsMYCPaXAFDo4Hr688tEa8nUSdLkXDaVRsefDgo6iGaC4KcqXB4mLAwZ9Rg7DoAqycB4oSMRYgvGZnrrdAtkQ, 59ZF5aieacwiyoZjidTzA9V8QR2mN8X8sVEsHL7cWDRHoMbV7SjiiLYS2u88xzPQFQNQEEnzpveu9xNLCKVbjhn2, 2xkV2pTTRqBTi1wmTpETCjQDg5qDh1Tggf8NgXNibXkdyDDaHedUK3YYaE9dyd7wWo7PsTux9H92ho6gNMkLWPXK, 4ZoT1pFvcdxpFsLixRnauZyLkTs9vkSCrQAbWNhTGHDr9cuJuCwPiDWVq3nUU43Mh7H58GPVmg13gdW1aVPVKAzF, yr28F51S3c1tSUju3mBy7a1pW63Sfu4v8K9BxKxtRrNnnnSajZPwNWpgTP5EhMQZJyppnUXiYdSLxXjRChRbYKF, 4i5qy1ep71U1aDnJX8GZduP41ukqX8X926dK14aFxhGpP1A3ATvWyatu3BnhEPkVNUeMo6wAXJj7DuZAbsjPG1M3, kLfsq6VFoEpibjcCoLUDB4pDLVxHfG1BRZ24v1MEHqyPq29kcw3ebWCXDmoSbvxY44mZC7FTo1jSgNR5kasAnWt, 5z224uEMgUS8o4BxFsAeZSpit1Qf5MXauqqipt5c7RAQpZZXSUDmsaJ893r1j3oKGW5r3ik2ZhgaKySKQjFUorea, 2bFSiHHn1b4jKYZTcwVydE7LUPKnyHnomJDxYvtCFEUtMGaVVHZXgKQuG6hZ4kZKVC3Sm9baSNBcj6GdA6esmSxt, 5NgKb8bYXWjYK8Xxxkh67UGeTTKho1RPq2oTaLy7LNodWjhWGjNhHEaAkALproi57CfbX69e9Tk4gkxbbz27NrGq, 5uMrBp7KWdZ6sGK3LgGRGGYLnEu927y7VedNtAALLPpYiawC1D14VnViG98xpzxoKaJQJiwuxZE9vs8cDFcuw66V"
3YUHSm1zkQwaBhH9kWKhLd7Yg7czdaY14VPMEWNuEZKz,71Jvq4Epe2FCJ7JFSF7jLXdNk1Wy4Bhqd9iL6bEFELvg,90.24,12.2197,8.006,1.564e-06,"Partially sold, holding 517275.0701 tokens","2zQmNpP2g17VLJeDbf7C6uUHjSL6BxDb9qREBWWDdQ6j6kwzvzSDrCGoiRXbnbRNn7MYY6V8LLdgWHiNJzqY6Cv1, 2ACzc1mfixUNcNyTobuYq6DvziPQafw1noRzLCzasTN1VfXAePmtYkhHbUFL2XACr2obxqUZANEx1ASdcvLTRcPg","4B4nceYFkJyJGRKmzyaiCmiNsNGkCAUZfCN3mq5MNwQyZ2zEPNUrRkf1PQZR8beKLKjnDEXAPM4oxtM45CMfP6As, 4S5MeHH7phQsrzQoz5qBwhE4ZKPnyvnpprMbPhDrFTLNPUDbiSpmCkW469aMHAtpmFFAMJBvX5ar6FHM4kSrjBAW, 2wXquST8hzFCS2ZaiQzs3EMm54ULG5rR2yKgn6HCk2CR6gitCiXBamNVgDB1XZW3WLij5J6weLSeDQ2fewzzFN8R, 3M8U1J63b2nfdmGtYkj93Zs4JRp9bSV9w2B7cstFNFyGFWCBw3qJnPPHLK4RYFQMnH2B9iKLr4x89rBJ2M9pjpVF, 2nhVF5chJFUgaZzKVdsDkzV6W85GtW3Yk3rFjakAZYiPSvE4xXPESxbHRXxEfrT1xP5yrrXiEZUkWcpUSz1jm6vF, 4T6Qph179oBsh4shAphrgMR7gyGtS9fkzzusX69gzkDF16WQqtEqTQj7VU3fcnVMcbY8xk6ovt6c15p2EHw9gS8U, 2Mm8pcyUPYCTk6huDuLQvWQompXjPCeDAmLWiFaarZNgTK5NhzBBX6AjQX2UYmWEJ65UcAUsznRu1wAtxqatREd3, 2wL5wMZ8trCnpPA1Pvojdi2px8QSDm1LaDUGCctSe2sA312sbTes3qSa8nDRB32xK2xsdj1RgEQVvNNAJkj9H6pm, 3bMc3P8EUJTpACq2rH3DCWJmvJnkEweevV9Z27PmTyj79oeFm2uDS4xeePDC9Vr9zhXXCFsCvL2fUDNCogSQmJga, 4STDU4RtuiqJWdbUqiyheM2BVzYghcARP1h75UeAZXHK3szfJ93G3SHXn82B7motqBdjdn552wdTvApyk1aei1UG"
HsyYnsqPHmdPar9MJ3Dyav9nTbzPUg31Z14iywELeLet,71Jvq4Epe2FCJ7JFSF7jLXdNk1Wy4Bhqd9iL6bEFELvg,155.06,11.5915,4.5445,7.447e-07,Sold,UXiFbyzFEyoiHJiQSdBEvNM4ePHuSDQun9JVXP3XHL8uaNVh1zfBLeTtcbSjj6DnxSooGLFMKAHTTnK5cDNkR75,"28EetstqLAHtZsqUvNsS3jaBX9LEdvyc3wzzzjCWaky2mhjNebj9FwExPs5ra86EY5SRJApEghksFvvLBwyXFUWL, 3STxAzRZjz4wXKLFsvTZrgvHuPSMvYzpJotKDsRhx69febckmAUsrrbsBgAQ2k4utnPfKA78Jmy3dGBtyeEAxGLU, 3SEmqPn1wpELgen1UmWM3PfHdk5JJAJgqmGmZGFpqCAKWoAuepL5MhnKVityZJGNK3YsDxbbhzudi6FnNGJ8RawX, 5jcdZ2e1ABcwxbVggHu9BMrmNsntJUTUAdmAjpvyewtgWn6jMnANFFggwxaZE4HfmtoPa2R89GNqEgVfGi2b3V6m, 3RMF5CdzRsrUXmxSAdNGAg6bdo4WQM3TVuRLbe8UVemDGqY66v2s5QtkmDeQomim1JVWhLAH1XyYsNRWdaa4G4Q3"
GMy4aKWrjgZi4ehkdcKGMnUgQHYEU8WaV7LZztvBk1G2,71Jvq4Epe2FCJ7JFSF7jLXdNk1Wy4Bhqd9iL6bEFELvg,137.08,10.582,4.4635,8.033e-07,Sold,kCPAX7mTKmnHtV7mcjG1xVsPUC9wvgxzLq2G1RJNJRuGDsY92mrYdBnWQX2CHxQkAA5PNA7bgT4EynuWp2Qd11N,"459XzNgp3dwApHBEWxnMEFBDZntmEVggQ4f7nhtqSFssihheGvHZE1MqS93UfA29s4FQMUzn3CEcLMhUvYWmfhFg, 3eHJGtSanHLiGLjtZ9UF4GjBgLqJxWnmVmM8SAAc8cBnT7vtqkjfPcVPgo5TxkNoHwzmyFNdAJmCGiwM8BNZuBs5, 3davW9mPeqchmovgNV7eQ1WzpYXQNeDyWSBw22eEHu9sehXMQ4C18qzK4i6Lf6Yorn1H27KyqBGSRQzgbjLMBWkA, 58GrU766Gez5CXHPxcs4jjuCCKgTtHP21p8jBsRQMLrn9E4zfFxC2SSp3Z11xwwpUqSq5QcwcRXbtMTmkL7j1pkB, 3Dr5VpN9shKsLXHDvGAKLmtQzXzq1iW3vKjFkigcyHEFv3nRHp2vV3p3PMZZoMyw4oRCBxcFuuoi8CrZdBeUKhw9"
2gwUAzaxXeNXFRVvTGLnSq5Qhyv9ZHuBMBS2Xx3Y5nND,71Jvq4Epe2FCJ7JFSF7jLXdNk1Wy4Bhqd9iL6bEFELvg,331.41,34.599,8.02,1.0249e-06,Sold,"3gmEj6wgEoa4QMBYPz9g7NyvWSAeDwEkUgs9E9yDUMpkAZP4s4p5dmq8QPff11NEXtLJbBLWv1agaReHS7WV8uS, 5JdrX321U7acEzGcFmEvKW8zXvRNMwisRtmGjchSNuhZ8EzLMiGughhCxnpPB3zJG5W3r1GZCHk8WaatC45fkRN8","3wgAjtJWtmhSqyrWX8yeXj4nKwyLpLKBdUZ7yQQkejSAU4ThE6sCor6JLoExXUDVYgQVd7FbSmypQErm5yjibMzn, 4zYv23bRfqdfDFJepBMXXQNqvPra7TcQNS7m4pu5cfiVL7F8qYdKrySwH3GweogfTNgPnn5yWhJk7UG3ifhTDXwN, 4HEQiTu1yRSTftK1QnYA8EGqXB1FzdD51b3behaRzkijycfT3GadPB2Pr5qhcHGXFimfXdZryzTowDc4emAr2RFg, P224mkZTRv2yK7mgxSFySEZzKKuqZeFL3HVQsjtnp3DfmcFxzhiLbqcG235Hrc9FYT8sCZYhDuVeVBJRUCKmrxN, 41eUrcN24gMiAYBwhqvpetxFADNoPSURXiEsyVwvHCSRRXz1KLkUNXYHFg3B2c1nLADHfp3ksZVgef2VqJ8azbWP, 4AukwMMEByKkrQRUrJSEN7Uh3u6nMpZLYRVKnu9vSy9vhECe5HuavuQwdXnUPeEf78KTz9rZ1qNeMRsDQXXdRC8i, 21ovTRXixCsra99NuzwWXjDMunXecQqQZDaKmW6qcxutdQjQXrqyKixy4kSYPBfis2o1HbtmLC4x8A7X7DWUfuXq, bXvRkoGfboNz3hRDzxrQvpTL6XKQbuXT1tGbDqcgVcG165aKyb4bT9SbPjhNskDHqaNSRqon8abo8VNQ11z8oQv, 4tPq6Go4hRpen8ieSLBxGwnMYXS8SrUb3w1E9U7Hmv5p2ibhXBah9eKugwQRZsKwzKoARLXPxXSMygvPAeg2RW9o, 2ZpMzRtp5dtms5xAogevs19UkegHvRJQJefi2DzmU6i4GcMzPfWnKRtsprhEiNhBmFQx7gouqeoJPewq5Frtbobz, 4J2YiE5E6pBrkeJgLEnn4cnWtTU2t9dcHPRMMNZYBQdscQfBgJ8fz4SDsPpwtMQe5h7cfNc2WWvkkRFgoHfDa1VC, 5w2UR9zkhroLsrEjpYByC4gwfgFuZkGzzM99r37wADi4mq2oN3kUg1R9gZ9AKG9Ywnj13jHe3qkJxNWMfQ7heb7W, xpNiJPFHDwwZFUMibedseGjYZeptiXuFXD5JFscDAA8tdfNaCFY6j46LSLcgwjWeueLryFbje8g5zWgHjBgKA8m, 5gMPCdWM6LUZPajgkoreYe3LKQhndbYTDmXtjUZgFnNWqN2yoJMhnMwKF6eCfkqDmrWJteE3dwFxKTCShiNxvcgo, rkY3s7zRAKeF4egdQiTshZ2zF2f2cDSXwupADhwAC7sqZyM9dghNodWNjXFVMJFTKiffdZoQnW2v9kgx7EiKKNx, 4BeBEnRFBWmgyZ93YbsYk7btbnXUBSxjRFvEEyCFsnDEMaq4TVPk9Rx9NhuiqEXMUNzoPF6kzt4aEpJTYsgAtVUL, q7wDAfpa6ow7jTp41QsKLUimxWgTUoA6axWhQSmZBJ6sThzZk88Ry5ZbZF4kGGBF1ucu9bamBepEzzuVT5BitHs, 3NiRcpxytpxoHpSkXVb8N1yEhpobc95CfyzHoJERKesmrgZv7SFukhHfRQnwuBMEAAcw8CrrWwFbUw1W2ciA2PL9, u9SscYDbHnQ7mhe2H99NiNtnVHg4uKHbn8bFPSzusDyBtBBtWLCRDvX89VWwmXw6WTkQW4qr2LSGXStA7vcxYfd"
9GQnBM6WiQzDPtwbWKa742D5Y7HZXcjZmVwUwb5Kq91s,71Jvq4Epe2FCJ7JFSF7jLXdNk1Wy4Bhqd9iL6bEFELvg,11.07,27.7333,29.421,2.6865e-06,"Partially sold, holding 878937.3545 tokens","4BHcDi2hjLtFNQLkDQvE893MiUogP13W4WVGUscixJKbEves73xUpb4whZ8G24rchwiqV5e43RUVcVowAQvVRHke, DpuoZtWYCK2qCC79KbgTUqPLrwkSoakVzeqW6Z4A9e6xxmtrQ3WaKRB8zb5WbUZrUD49JabtEaVJcVmhXDcTw6A, 3Fng3CqNfoc42jcbHXchR6BGSn7icSXcgaHv9QayBVsQygXStLRkiFF4B9RwtWP3G9ddTViAC9Qqg4WcwJPUZtAi, 51MHMqQkMpVTdV67KLvcDpGDa5BMTZizrUcQhbJbRQHBKra6AprXzMzpDiHvzHZ3otpDM5FsJHn51TnHJgw9rfj5, 5SLx7YjhTd3nQbLjJhYZRdpSGhhBbQNfevQsxZaPoT1UVUdPWKFGvVijoozVSGbzFuiocVvRFvxNbXx317GB18xL, 5dRYE2aNcjBJtuiugNpgVd6NrcVCbs12NgMB9gzuqpDJXYsXrLPR9KFYgkcTjWPCzBbFxinN9izF7c7BdmKqbnr3, 4cGhcjijZBtbrXzj36wNLoJGSPhDYqUjyg7eoDHnfyTsQypNmb8b1Gu8Jeoj8Spn2xiXZwMCCTjFPZks4dvrWpmu, 2ZEEYFQP49zJt282j5NYG8tDiZTNr6NhDWwBymHveLQh7QNkavjw3gWLzRtGrW24WxPH18nH21g3WpKAgkJka7GE, 4FYvLNDeqUWAAkzUxMRoT3k4hSqUWmRkS1VeD8WBWgX32xWc9oqPZ2xaiVZ1rDZZCX6A4oDs388F77eePAu934zi","27oeRhryW3v7RcitejZanvakCC3H6KVPyEC91JtCQDMTqP4p8PgetCevhFie2EdTVSyaEkpAdRi33hfWuNvbTVjC, 5QrWfLBPPBusicn2RQdrJxhdqWY2c2mSRtV5jTKvtpGWPJvxzfCQ6ayJ7Xv86KNAqSVjmMvCG8HhccTtzyBUXpdV, 4ogUfQZnt8V14jjEKQ2L8VVzfLkSdn13TfU21yFvovGpz4hjP4ggxDXnQXwoAkbAt1T8WitBWPXgdbmsSmwZGR1K, cutcNtXMbm8TB1Skd6Bqzt4d2VdsyFqA3B6QurRuDht42j11QPVSrvJyrGKVANqvLi4z3ykuvBA2v2RrfZzTokr, 4YLT5i99a7kFtmnYzTPGeRGJBzij5YtM3oR2iG265saNEwuSMGTcM9pE9rmshEgfYGbb5ChGcgv8DQahW3Y3iZf3, 3ZgFmKDJmCP2E97VPXWhbD59zEAWcxAQPcfRqt34VZopuzyNe4JZHxEujKFaRc5P3pBG4kKbeF7nidU3tJCzqguR, 2951DB9nyFxHazuB6ToqesXCEKGbdkpzX7dhprxF3aVWRX4jxQBYRGTAjfznhSdAZLLXEUZL9JAQCksbMVXW9kF8, KQkjhfLhCTxeimo3YHcU7Yk7tu7nXxShvy944eVxZR7v7sU6Nq7FqgN8QHdXKC1YEV4RYmRnUrHPzNooQvBDsGu, 3S3AuQfU1Wq8aXppCLJ8Y3AyotRte6ZjAwuFD4aLHPirwqPxLrwN81cZruuXPiv8bvGHFNUGADLQZ8juJFDZCaEx, 4a5siTebL3qvFLN99iV9SupRyFjnPXoR4T2LLMp8TTVnUDDKzw9NLYPyTTasEZSypR4SMKksUWqoT85z6vmKhokt, 3AhBJZjMpXceBQGvjZowgQnzM5K8urqizS2uRdsFZJVjzWMHLWv3oBoeb5c86YGrQ8qH4mHVLKT18Rbdq5sd11en, 57aKekbkBSiNnpe8miMdbQZYv9wyyJYRMqG7Ve7Q9nr3n25JMGL1LYgQQAbbVan8MZqKGTvptY6F5wFRaPjytCD9"
DYmsQudNqJyyDvq86XmzAvrU9T7xwfQEwh6gPQw9TPNF,71Jvq4Epe2FCJ7JFSF7jLXdNk1Wy4Bhqd9iL6bEFELvg,278.0,17.0387,6.01,8.137e-07,"Partially sold, holding 1846486.5351 tokens",638cejtrqzLxQ8Umfq2LDvs3xpbm8DQL6UAZTDTwV21dUToYVkosmxTuAaws9fSaLMT8CDEeFFC3wdqkLd1ofLXy,"2jURKf2pWyRqjo7tLrzP6WLAdgQHJof9B2GaFP5q68XNcrMvo5ynatmzV6xC7ZcBrLRhKY16PvC3u1TA1ayj2kXj, 5sDbhRWjGirWXbKFmHtc6JABEkrS3phcJqBNgbnbw2A5WDc5iWBKBSJxV8dGiaw7BJTB9kBuUfCsmEbadosq9idb"
7jfZTGYC4wMyF8QbqyvAP2QvE2j2x9Y5JDKuuAC2kTMm,71Jvq4Epe2FCJ7JFSF7jLXdNk1Wy4Bhqd9iL6bEFELvg,207.37,7.7919,2.535,8.826e-07,Sold,SoHgbxCUL5ncvoWMn83tNRFZEg2igP4inxTv91dy36HfQPpY4kBkgr3WHrJJyDWDxoEekNCr9EFbXJfo5hEF7Pt,"5fLxR8xjoaiczCwypJmZ2m9pQZxb4nKpSoXbRSWG9yXcsRCB86tCyXqcYaqvvJi5rTbqweWQycARbBpVteGLjCaX, rZXm7e8ZqrTajB35uz9Na3L3LvDWfDi6ZL8NuSDmeqnAGcfGeioDSW2zRZJ2pibBS2Qsm5GE2bAG1oGFbxER7Wp, 35oynUU3g1jbow42sav1vNMddUWpNfMADchagwrpTc66RFJbTC5jmxaaezwD5C1vKC5s9NqQcRTTkQpf4715p7tH"
H3UiD2iPg5tpPKNX1iJFeEasVZiC7dLBzHxcQ5vpuVM,8Y5MwnUM19uqhnsrFnKijrmn33CmHBTUoedXtTGDpump,1564.29,91.5012,10.062,4.545e-07,"Partially sold, holding 10042112.6111 tokens",42ecGGRDsqLhy3GJDab3aASqz3erzsFW8GmRomXBb1GxcSkDbUCV359vxczBu8zz1YgewZUVyF6atxzrY9XK5K3L,"4pnAUp5EjxYFknsTsVvd66CFsRwPadU8fEgBTQqRsHh7Gu3KBvdqvMNXtNFpFqBDe6Z6rsEFjaLcyTiGCCNs623f, NdMNeH5BKyv1iaTfqnexVigki5oEib3riBoPqhpbMyZQXVRbpVnGMZEseYXw6nn7Z9ryuasU9zWmDiVzN8yk8Cx, 2gnFkfbHA6aAWgx27eCdsg9oG2DxAPoAVbWddpCmmXBxQ7CWxKzdTh9tBSn9g4h8jAccDdirtiP5AriNqKj76Xko, 65yD1LdgWn6CAmPgz87EftmgF3mEyoQ27Cj8Gtz6eTf2kPEb5QquvYnkWqLHNRtQ4eYAbjqf2haGYSxoKi8kTNHS, 22J3YuRBznEQi7iGSTvuWcE8RZVptxQHAnLaXtj6hhLbLAfx5tMyMwx97XeGZygPnWp5iLhbQaheujq7sJ9UvGWW, 2PudAkVkYWKqP5azDz6AHorU7ayC1UWuEBYNpd6WgJK3Gn6226tjsjnF2ingW9ohkboUHYuMauY756hapy5GGK1x, 2vMNLr2M9z1sjL819JDz1VAz7BW24FKWAFcNoFkFiFVfCT21Df6ebnyFzZdzMtbqkRysJb7LjXjDXf5Y5UAz35nE"
3hrYmGuSV9J3p1hrQDwgsW6Ln3LfhPoizRBispNYtvr3,8Y5MwnUM19uqhnsrFnKijrmn33CmHBTUoedXtTGDpump,7.73,2.1676,2.012,5.232e-07,Sold,4XungZYqyYBj1kZxEvkr3zwfZk6Y6azpVZhHKmTwwZvgKFGYmUxsRsZWzhf2T3tXed81zxxo7GZCnaE1BEW9BaXc,e3Ydm6mMGa7sQhPmV7SNsy3vu6WFvagcvvTM1ScJUqJxXDn1ub5mYUdr1hMGeLouhMVwdNgRsHQc7VWQcu6rEBs
Gt3ceyYmdVQGVa3zB1hzTnHe5KYDaZvfZY5btyDKcBbX,8Y5MwnUM19uqhnsrFnKijrmn33CmHBTUoedXtTGDpump,5.38,5.0649,4.8062,1.1327e-06,Sold,"4t332LCPzuX6dXqVqnm2jrYix9nPTyd2DJj1d5HQi2N4HPiVfBiQLFov4q2rnHRVxxuVxfUyzAaCYhJ4PjB3fqig, 22vB8rF46SYHjjE98QFNj38q6u25R5ujWaTvVASbhzbJa6fKbbHfLC4vJJY4FnfTdgNwVKrUzk9QHzERGZnnUTjm","45CdHMwf9cZ7YHhvxi17QsHBgRdPsrmVdLyuyXfAHvTPZ8Hq4kw1GQ59ZivTtDc4KJyhdXJyQEMD1hw7yjsb3LYi, 83QTWinJbZ514XfdioJSq6hHu4yzs6GoaV3jdaE1kSg7gzbPfATJ4afmaMcp47kUzmpbpq9zh2k4frFeizfXG7U"
9ZzjXiwkGRDBwVHJitfx8AmnN2YUbnqW6M1tH38juEeJ,8Y5MwnUM19uqhnsrFnKijrmn33CmHBTUoedXtTGDpump,5.95,10.6774,10.0779,6.049e-07,Sold,ku2ykc5mWggBjNoMJ6bRbEhtNoqE9FJXyY7itegcXfCp8TG48e2tFfLsmv1wJA16Cyzz47Sdi1RvbSRvxy18RB8,4tFwYoGdQDdRLMajEL4wptqV2bt13fQfqh544NZjNW2dQ8auvproAAfyh3rdj8Fybq66wVaNpWWAFTGmJqpNZbA6
Gro6rxo5S5ecQzbyEz3hmzbBEbfGAgTauV8GuLqg14vh,8Y5MwnUM19uqhnsrFnKijrmn33CmHBTUoedXtTGDpump,-26.17,5.1663,6.9974,7.304e-07,Sold,5HEEvEutKCHUdXsxuomPULBwkML9EixGeyuZAKLBLwM3LJ1bK1WvTgFruKvAVVMF67ZqdXdgJHE8qStoobTCqYfW,31Givb1oH4jMB7pgwWyHfTGbC7Th5QAMXmQnYdi57LJeUgW7VyDmd8LvXbEbFv1gCAeUcDqdZwzLBK5LfPtETS6i
5e6n1fTia1HztzkHFQNTBSqNsykXR8AFhqqHsbJ8yQRw,8Y5MwnUM19uqhnsrFnKijrmn33CmHBTUoedXtTGDpump,951.5,33.9964,5.032,5.558e-07,"Partially sold, holding 3236841.053 tokens",5M8PMXbSG9gA58S1U9c85UDKAqgWy2VKowzxemWLj1kHgXCfm1ZcA9zNdEPL2exS3USVA2piBp6Xeva8XnaBkFDZ,"2Mou8pEXxVeyJLG8rDAVzDiBtWq79B5d94mLaotLusaFqiqQKnVxbBNqWi1HAKoPAhJhz51XYc87gSnxp1YTY4Z4, 3hBgaL54Q5XFHMbsWUzZvNg7c6XqtPuDmeZRfa8RvtLAGzoimpbwYiYVzzarufCwtfN1FKhNV3yEnkU3gyhhJDp6, 3wX9DJbec8vnqP5gi7WhV7D9Ta9b8kF1BeYnpQhVuhGEcFRuRC1myc9CR2ipAF4vXynHYts46b39ZAJWhbmCdpvQ, 4SXu4Usj7CKwbhs5EYMvMrGarKMeMokFNbCDE4QAG1k6Nv8NAUYTzSBQYbMbCT78SFARHPwaMHjocfptXH2ReULA, NU1cshRMKqCYfNETztWyTCpfvjRJNongeyVmzn8AHNTBF22uPuTibGQxmt1fTpsNhGqcM2b4nRwz8a7885UjP5B, 5VoRmYnpC9sx3hUtJb9LVq5RFzacKEBCgR51Y6s91SRUVnEAbECjG4X5bNdLYbpPBpz7PXQN9qsQacoavoJ6yGre, AUtyeHpVLpTWxviNL8S817ADABaPsaTvXtstUsWBXi3PSAV8pVVnAJEAhb5Dn7GjwpnNbDMuuHatiLAW5aXQeUT, 4mhDJ5SkTL5SmBn6SRDGvFuQh7K7FipKSLs6QeAxvBvuxs7W4YBYpNKT1kuJvPvT8m6dsD9bqihDRW3Q4mfgdiXg, JqBybrFvnbihCPgLFKR9wvyRebPw5trZUEaSHnnY54xK4yVCdKuhi7SWf5sSxiSdNp52oXu11jdhsLwpN8xretE, 3VxK5AC8J6zs9g5jfUNDBEGnvbo25jJjzRai8EMnJMwaWJwNUseGKPsvJSFXjC6yPDG3iivo65Vbwu2FaPSPvRQd, 3R5N2yCBZkHs4m7bwxgR55XnfGreicCX7JMHXiY1LsnsbEQ45cEweyp9SSMU9QeH7ND9tMpMZsCY3cLbd9UUAnSQ, jCUKgVnxLMCjnjAJeqCUYc2JdVoExahURJpzXigXUNKPvpe9tDZz7yyHTmHqsCFFREBEn3qaNZkcBGfkRonCQ16, 5CPAgcWJMBT4W96F4WHQkLoNuU8rNdFPTgfzKLfisNC6pyaPxk48vKwj3XHHQdhQS4nT1VA2FG7gFeKiJZjaZjrr, 66TMxmHZcR8dReYBcq5hb9hHUUEJViKQeqougMMaX7e3forrFgjjCAiSjZb8KDTjE2U6CEaQJ7KNBfLbHqAHWmpA, 2ofSHVFGD7hsAxFYu4CDVhkGmbFE8xWvu7Si2qM5cDccoBj7bgiJroqhQyAdBLQ87bNYxzdWfawKy6EAWDkAoYxM, 3sre4S8z1nVzfgNwJVCzxcCCoV2SKEij98BjYv1iFsB48Soe5AnAQk4oWbdxC1yshk4DyMSRUFVffKhWGLhbftRR, 9q1pnWFazUpbK21mTmLxzUNcy8wkJ8d6JvrqYXtABAbayUfzbKDpUQFDvN2vhYyrCY2w8YzGSYkGQ8Wg4iAtzaW, 4Z87Y6kMbKk2st8Ys6bjVFLCNDS81xsj85VM6gq65j9sbBcx7JQrQtU8WLkKjnKM6aKiXTzNwazd6rgaonyEfrcv, 4BndPMNSYSsyqw1StRcmBaEjcdsebSfgt8NmL8BbNcrp32RfrR2Tc1rrXJLN2fisQfnwbpCYgZ1M7onSEaQTHkWd, 2K9LfPnCditBQuHDBZV3YB4aeZRRbwAXNRMfZYfVVhUS4TSW2t8s21VGEDV1SMyvJiKKWmgu96MBnVNpN76GrzL2"
DiddyP7tSoS5e26zzy43QVfgTQ3dJ8ZyLibC3uPAAwQk,8Y5MwnUM19uqhnsrFnKijrmn33CmHBTUoedXtTGDpump,263.06,21.9076,6.0341,6.165e-07,Sold,4sZqkeoeNe1RzncLNMsgjZEHbou1c8BiBthEPsn5ZfxCHBegC2C6LqskQJBao5EKDdxBHkVRBrP6fQzxzZN6cuiC,"5q262ScDDHGCNNNc4XUmDpDfWzDZjWKjYAtpSiUMr4BrGa2V5YgzwZUSUf8P9zYhbNwAMGidfnpcuKh9ccDfREUr, 2ivRkKV1W2EGJCZPPx6RSQC5NerSLiKMgcyQqSYTmBtijGmtgjDfaxc15DLhA6ewCEUeDfNJc312iDCxyhA9rPrL, 49QbswtxQTRiPoPBKde8wV6tLa1hyQWuAAemdx8RBMnCdt1A6oAGGVbZCT1nuKEtXQ3itXaKdz1tJzZzvLgjXqwM, 291P2WFcLTm8zNi4xdiogoCV7TH3UXa5FAcWLYiZxLKjJqvcTLM1s7y4ppoq8B1bNExZDHrez5TSJo3jw2HCUo2n, 3dZAidDWE7FX6R4k8gccWKtcXiJW5bxWSAoqVtnpeqznxfcibAQJFpuba8p8VGsCbJYtGaQSXiCG1fHM1cVgtSJ6"
GvmgmxkE7ed9b74YigRuNeAS6rSnpCAUbjtK4Wc8ed4S,8Y5MwnUM19uqhnsrFnKijrmn33CmHBTUoedXtTGDpump,311.12,10.4251,2.5358,6.669e-07,Sold,5xEdwcgowUjoY3dbyBTZH4cLkAxnRTf2XqMDPAY8u7Jyrcvt3EgFWcKZ47ZMrDWuLqC6yzv3dExzr1jf6ffFLW2Z,"5jCKTGAHavwUCN9DmmZ3WJCCfuDgFgZB5qFxo7v4p3dy5PaefMSB5we99TXoCn3uDwg16ivos7kxFBVh1saNLjpP, defdSLaCd3Xnsm64Uu88zbZgMUSHq9PNdVu4LcZUPBW9K7acZgLBvGq6herbwCUJE6ArxQmtMVFe887LvFFjEQH, 5uCZQXhdYR7BFN32Mb9DZsF9aNzzdsK1zVjYrB5wKLtwaZhp92mjfNfpPfKjEvx8MFAJBVXQi9oJmLhyKpFfS5tX, 5JTHQZWVVk141jycu75vp2hBhUewDtHZzWEJM5WnsBQKUKe2qAEFy51dKeumEcrTbbqVsETXqEfcHCWQwx1fshBm, 4KeRAGegRVS1bFk2fMf9FjY1EFd9gwyyeki2zQ9c7qtc6HLiWC7CJY4Y6ppGscEWJw9FYtKUH3bCi23h2ohXeHYZ, 2PL6G11U9J3TsUXQkaK9jbzWXkAP8tJCs6USuQGFPf3ft9jF6KpdBCApKaPnjWzbqtipVm6qrkKEe8FfMJ3te4r5"
GemtA1NKt8PN9AjUQrFdeRZFfoEDKeJp513LipnGDEXY,8Y5MwnUM19uqhnsrFnKijrmn33CmHBTUoedXtTGDpump,286.14,9.7918,2.5358,7.049e-07,Sold,GfQCKnbVCxjm9C6xoH5mYM7e8jfGwEeSKawnJC16xMwaJq1PfHEoDiaWzo1EifyS7619QNX7EbHVeis45Kd5bxj,"39bxJT4Ffv9uNSbQYDP9VtwWPwqQhW2MeS9e9Q69gRw5rzqiT4jnh6LDSjbgfRniUuX9sJEZR2VJSTJ6nxLntkh5, 5LcCyB2j2QN9CwHLTi5gaCNLDWEtyMJSAovzQDo7qGYMx4PNJhxrr7PbvNMvY9WQ4MhYrR4hspQDbrZ3h4hxdmEL, 38oNBZyG1tesuXHNyWh2zR5B1cmd6w7MJJayGkUXAGcpjLZd25ukFbHQWxwhXQBLKMEjokztvBCDbMxVZrinR59z, 3rEts6StJzycb88YA9zhRTLhEvvnEBfaS2B8e2oBodubKryLYkfbxGv2RZBdCmifKW2PBQQBuxKxoGYgYEUZNW1E, 5gqfXDRdLNSUuhFBhxv58nZJGJYHhctG7cpPPjFFKCJCWnUVSbrpYwPx85cHBP76bkLbWi6oG6wXim5kwHam2yoz, 5Yqc9nN8RssNx6Ro3r8A2uo1H1Pxqmxb57FgFdP74gDkbXPET42gDVht2JwZvwe2RAYHxsazUN81G8Qg65kG5wRC"
86bamJaUuoBkQce8JsUP1ntxQfNpWJL75uqVSwp7Wsmc,8Y5MwnUM19uqhnsrFnKijrmn33CmHBTUoedXtTGDpump,87.81,3.7639,2.004,6.329e-07,Sold,2ano7gBe2vC3NMAY5iacG42tXbc2WCx9FK1zHTejFuWMVdU4ZYourQyu1aUAD1byibSR6MY9j8sv6aQJiiUiAWsD,56k2oXWPpPwdddcbVkgGEy6AncSadio2KmmJ5N4Sxv9wYes7zQ3H6uWB5EWYzpZCenB18YHYC3RswmAjJUNkw3Kd
7t5FVJPH6bTkk8JDdaqDoBX88ZibkoyaF4SCAyySG7ZA,8Y5MwnUM19uqhnsrFnKijrmn33CmHBTUoedXtTGDpump,231.93,5.0739,1.5286,6.966e-07,Sold,5W3v8eR7FDhHYjYfZUdkyhLfjN1cNyWJvYQfCBGp17zm7ABwmid34WCPswufRdnTrSLpL9fAo4zKmSXNPApDfcSW,42v3hPG7GdNgV2hoZmsD4VL8wozWv2EBygLvPeqW4CCxi9BxkbcVYBeoFv6PdLAAQBgbskVEbx4nAPjYpjfFBrqK
FvM7qXZ8Ek8NeFjYzs8oUEX3Y5RvtRFsDpDHjM68G52m,8Y5MwnUM19uqhnsrFnKijrmn33CmHBTUoedXtTGDpump,1.96,1.5439,1.5141,7.88e-07,Sold,2UwAepfUequrSNpPp1TRArydVfRr3j2Hp8fGHhsNt74EYbnSgJyQpcMt7nEveNSRKNLwEWkuvfZgMuFrLZarrqsV,5uzefoFs9spussWGpjYK1xaGDtzREXBV4bNf177Lp3XVgyJe1w43RhzBcte3xbfvmbn8G3kaUJ7SpS3jK7N5byz9
XZSNDEQmMDEV49MtUMwSoJ4kE9yfinrbGskcBvBdD1N,8Y5MwnUM19uqhnsrFnKijrmn33CmHBTUoedXtTGDpump,2.04,1.5451,1.5141,8.082e-07,Sold,3LoXRYF15RmuRRa2Rj2gozoGSiAa99NMcGoW1NardJkjNDd9uY9MJLyMtjYc9wPfKWEHYmkFg2qSSKczQDKNeLLp,3pKSfPkHbtpA9hwtDjsrgQjjVfJfCTACLKTCCZDtBLVQQsjLzVuFi2cLU4YRbRiFrDo5RKfZALAVoUMwNJ51tgQa
Bne124sdMFGCHRSsdAoNdMEtvxSyXwhvFW3ypYsNoAfg,8Y5MwnUM19uqhnsrFnKijrmn33CmHBTUoedXtTGDpump,188.16,14.4716,5.022,7.491e-07,Sold,3aGZLTcUNAaT7UUitBHq5USUX95nThFaa7VgqnfPPUQUFVZhUGF9k11AvxnP1g6Hi28cBeW7pZ18dDBVrAf8JAPk,"5FGUsMXWtypdjheJeFyBN3UU37m9ez12gyPbuV3DkstuXwxx6cueYotHydUSkYUvEWvVNvd3PtGGsAL3jRrbDaWv, 33jSszoQQgSPUomar1TiTt2Ao2qT5PiRcKZxPKmxPsqfsQ5xkGCt3csYiwRWYPGR8xuGc8Buy63pwr3xpkYDodQs, 4H1p2rFswZXYF57JHzjmxEibnMSzQEMnfwh3jgCgHmQZe5o9yMHiipf9yqGkpsXckfKZYVjxmAC5t18QPy7YBP49, 3Z1dkDGCkd9NYoBrw4CJRiTVs27GXxYN1o4sF2G9gB9hYpKnBYQFbhAktK5zxWGC2jBDLiiz8zs1yqaFA1bxjAJo, 2d88fGDjSxH1deEYskusmpCsXwEDyLm6c9QzKrxi6eNScunt128Yc1EazcZ21GLN6gQC7pyUuvqaoFcjrYfM6yU1"
LeckTHCG66D9CcZoecas8P8AGkNmqbXfAt6LXCKDWhq,8Y5MwnUM19uqhnsrFnKijrmn33CmHBTUoedXtTGDpump,426.88,31.8081,6.037,8.152e-07,Sold,5C9rgDvXnzxqhymyHxGSRtwyvLXyteK42jjwe1Ezs3qDpu55vTWtASdzg6kN3P3ZhATEzn9s9dUQSW8EcgF1984R,"2AqduWMKiAMGWy9PaLv7V5oKNyx2Pj57dVV8pDuXVpFP29SHL52jCNmaaXBXfZcU4xcygswMAh42Ls8AENXkSAfA, 4DoEjKvpXbAf54y4xM7kDufky7uwxdifvVKEYzSA6DhAMKvdJRYYdhaafrdXRCCkQ8xCuDCzBfBeMNRHh7ScskuS, 2fiE9TJoS4oiHeB6YXZXxMtbVFKS64m6pzfBMvnAntqiBww67dyR7bJDje8d8bqH4t24FEKQP3aXuEWDY7FXTPn8, 6X2s5heHjM3Njdy98jTpadzmPiabwvz4dDtuv63p8HFoFQUzZTfM1Y8hMhpda2ZdkoqD2mStyrJM3uVFATFqP5p, 5rpwefLasAj32J3mckSgsye4Ad8HLkqwBdA1Ya7Yf5gwEShwHytMQAsxPFcNNT5wHMpwS77MMGPhMqzpeLCBQSAi, 4P6e86AoFprAnKB2mPg6wWAGi2nnCPUqCbiHP5T1ZyPKPAMjxzofT3MqHqRHvCYKhqkoZumMZuc8DyyGutzSaKBZ, 258LyAhEm5xfd785hhLrHAuixxULiWVwM8VkSED2oEtYHaaBqwPmB7wZ2zacBtiXAkJ1tSwbxTkSBTPCeavEe9GD, 4C6bhaXyt5sYhxxx4dEWsnrXHryuiq2GbfHuy2AowgSqrkfziPGHnGoLWwJxEotD5rqvtXxkXPs57uNrmtUdpXjL, ee1YNTYTPiYLzvyJ5rEoR99RJxz1aFt7xwGYyDfjAEEo8ioYCTUnqsyxd5XcRRemxgcdJtTQEe9kkBVoCiqaTgA, K9QF7e6NDbubpESwwAGT258rALTbTKRHgnyz7pBVs9zHyqWdiVKg9cF2aQhjhHMCvdbiJ9LSS1rboEWs8eR46Lh, fqvj7fDqZf3nrU7CJ8obqEEaJrz2YxiuJ73v27Zb5NGuySDMspy87y1ATDFn3rCugKYMCWtkr2ZsUd1EYnnirsv, 2wTHreTWw3CmKGxeUFHvkMhSdm4GsXEnixC2pGSh8HXEW2gyB65HxamPt8k5NZCCNApvoidAAFTRYDfVQcn2fJQ9, 2sz8uXdkgpXhcPPeFxJVeCvBMaF4RYXpQeoJdWGr87NHwMggwn5dPgBi1eCaS8PqECsCpN996PjPxVo23CTnzEBr, 5ieLpGueYJC1XuJVJjrSSTxwjUkk7JnBf9gJSG9XG2AH1zwQuYaK7M6zXPHTU2nS9vSGARQsZgGvsmuTxt3grW76, 34sQuXCeQhk6kWH7bcR7ZSXDdRMxaKMqmVwanUtky6a4YTpbim4WYPjS9P9HFk9Wb4Jnd3r9wLnuNsxdmTDFhaUX, 5mvNJQQGjnZTtppycTiGxdDznYeHPVb2putJAWcCq349P1yBuLW6PKyC1p2Jkkz9mHGWh6f79eyd2njPerhWXy54, 3zbhXLhAUEdtGwVUMHfh2GNqAQdRyywcT3cQe15MUNQNf9goXfNwGG1ebYffCkiRabyBewwghyzvh2THdgFWgChA, joWCU9sFB7JwfzgkLkuUDuDx7fkps7tA6F9QAhDrybAYjkdynTE8f2EuqHhUG5kdVR9nLDSv6FFDxuz9WjzZeu2, 2uLXC3LStVmCK9SZZNv3PQLo5jHe52Zr5jZ9V3jkwZCEQqGWfAQTkjJJQFVsbBFKqCKWjwGeAD91acAV7LEuJuXV, 3jwem2vyp5Keijb4h5qRebT1oJVSUivcpLXV3HedpUYwxaYRng5eJrwEDunV1f2hb7o8bQvZvvvqw8zVFW4wp583, 3XVKaSeXhaRHWWs7DCU2h5KYwcMhFkMsfusJzXHEA1gWg73KMvj5uivRHtHjCH21h7fxA7QjM3gQ4hmfsZJo8MjW, 5VceerBcx9aZDno6Rz5zmBcN4LTG3R4h5sqvkudJ7Uy7kkE9YHXwwYr8kUWBeVpqbFh5sPKPTG98tZ5jMdTshNoG, 4ZzkBgp2xXKXf134bKjTeuZmTvHETCjtHjWFKsyrSaZYGP2E76sxu4C6FqU7VB6VgLa4f1vEfXctjenMigQDdEYq, 4XD2pqnEmXKiy9Af9qY2Fc5WbpJiRaMhmNBmGR9XeJVeUMhuSyK1FKvnKEVHH4GM6XTJsp53muHxwb33mRS7Rpf9, 5ADzBMEaNjegHYYF4iYd6X6siPwihPjj9YCJubMor2QZeyfruA9tr6UrqW9PQQoyd6B56NUYqS5ryGsHbsKcXYPQ"
3iAjp6ARGcGYBapy5uPDoXWRAJeaTvKHuV1QwWpqaKWX,8Q8KPBL21FVatn2C1EaxAQSorAkHW2W2jDUXapVPZmhm,103.7,8.1826,4.017,2.285e-07,Sold,45t6KwTRbGLf6FKqDiPTx4tHrTgRbumdTasqNdwnusfAykMmYcuRUGQDT71V74XtBhBv2N67Jg7syTqL9vasukpv,"tswwH1iPZZ3F3xqh26TdFocWQUA9DbToENv16XmEvEnwcGELRzyXBNHQ4vLUF6JD3mWjpJRRbqzHEr1WjNXavsT, 4RTa1rGo7iJBhQZh5CkuzifE9yXJ6SevcrJwC8n75XEVBQ7ecfv7AAS5hASvjgeQNHC44fkCy1GEXzcoLNcBK5eB, 2cYNG4CLCd2xmScWfRtbunHH5fJ9AMBzRBQS9HTgmaJYpsMHHXivc8Fm3TyMYLG5K4ayQMCn4mXtMQko45WzuNHc, 4MVeyqdYZhqi2oToeeTRzwNkpRsHrcvtrkJ6rRqkHACVCQi1YShizbuzJfHyGvL1kaN3YzKw6jKWzsQxChYzQ6Uj, 3Ri62jzLH9XeEv1kprDsNKSK7R7EqpJdPct2oyHPJTrD9NmyUWYfRvmXB8Hw5rdPx8Ujsfx6itrhxpDaywrL3X6M, 33j3xJ8UJpbjHob8WcYZaSgtmzY9N3ujAUNUSJhyP3ZZFbU1PhLZ6wd8yJeL2eBgTKEFr9JhQLF5USDJTiFxnkC8, 4nqyAHkKcbUyN9BL7iVb8WqFm9sxeKttHNDgb1UiVRSuHqNc9njLLFXmv5CmWTHVyNZ7ei1AjBqdvc8JMx6fegVr, 57MDNhz8VfZtyRRZncXKPxrgrmNfjDyZTygiN1QcqbN8vwST7oHgyXbLRx3rEJ69wtTCamf1CeEXtX44akPMv1GR, 2Qja2N3TV1ZJqCFuNp7zkbGwBM3XbHuxyuPTBdmYag1KUd6K9NGpyjJE7FCc6ZMi7rvoUXhWJowuPaNjtLTbWSFm, 2EcabirJ8yJ55tUZg4nqEJMk6wys8RbeWPXrWAuwcBEuARnAJghgKp4cEYcoBqSSbzZNXAgeGFG4Xxz1KPCfDoJL"
5e6n1fTia1HztzkHFQNTBSqNsykXR8AFhqqHsbJ8yQRw,8Q8KPBL21FVatn2C1EaxAQSorAkHW2W2jDUXapVPZmhm,108.74,12.7163,6.0921,2.565e-07,Sold,"Ve4jXrSFnc4i1rJn627hu65UkTfanZZSGDtLvQxPiyGrad39G2zLXbzRLZxhznQ1S5jBtNeCjQHAoFjt7HEwJBb, 3EgDrbwRTYoeqYKgaDPiWcasXSwTvyoJiFaiDkjCyYzHB1ivSmpM1GYccRVYx1Be1iGk4pwumZaPzjmFQCfTT8iS, 22L3fyFLM75GcZ29FMf4KMpbVzQEZoUVcpcdxr5HnAGs9u55MwVxciR46nPPryLBPzSoYZzP6q6sAbHM43uSfiB8","426xhTsjDdxWLU5p3yb42jubLsC8jkSe5i1CykYrEcjtybFdpp37LoEmdHsEbCyas9ZS1M6VUjSTd3SSLXbiLvu1, 5BmcosZHV8XdLEZPGNEthzjDECyxvANeMrm2j7eqDzm8emT4jZ4Nhs2HjSQ7r6KL2V1aSMAZ8r16fLMedGLM8Afu, 5kufrLsbFTvVmG3BnHUNfANeef41iJT3URgfNBMiHbA3JNga74mRcNYrve36y671PwxKc8NkKFpnPZhbyKqArdQ7, 5i945Y5kX4CbSTvprSrPomZNjXBzt7j63VhdFoYMZhCM9rYHa6DLBTAHmq6JiaazPHLLFDvkHtJEVDM1JytLzkoY"
4xxBGBnXqfCyUpsKRix1VaWm15uND2P83ForEzYDngbD,8Q8KPBL21FVatn2C1EaxAQSorAkHW2W2jDUXapVPZmhm,99.66,2.4978,6.006,2.677e-07,"Partially sold, holding 17287468.9118 tokens","4exyvL9KkwEAiJzkEbtDDYghFzFAeTyALGJAMKQMaXGKnFiHcn897kSJYReEAk9rNR31o6NArh6YdSqy4C1g9Yy5, 2jjVmHb879KdhRp5W1cogKt88Emm6ndye7EuP6PtFP6986hEtK8whnNTpeWoABeHZg5d3G8BnbMXsgFJaLsXiC8S",vccRHPC6KwbdQdqUc5hBZyJiWAGAG3qgpmhpPcXeBa7KbRdzozjTywFYVXgwEicv9MKHzwduJLfBNyB3VQoWWdA
5owZXjEe27wZTRevqRUETwia3EctJiaYtKhpqmPzWHuj,8Q8KPBL21FVatn2C1EaxAQSorAkHW2W2jDUXapVPZmhm,,0.0,4.8866,2.484e-07,Holding 19670758.3992 tokens,3fiyKXg5Lu2XLu51iZDHMX8MnECLCz2PFPfbSGgM2oYueevxHCEcZbXPeKnzEd14hEDEv2aPwA4dk8U9decdvMer,
ARTNaaTdDMpTcXaCmtvh1MoTJyaM6ix42p5GmEZigX1y,8Q8KPBL21FVatn2C1EaxAQSorAkHW2W2jDUXapVPZmhm,,0.0,5.2575,2.766e-07,Holding 19008309.5921 tokens,4bZWXqKckm9rBAY42G98xWHANdKcih9guWmW8Sue6ejTgMRPd7sA7TeHF2toXDA6nZsSsAorsoCnQj4R6voHyX82,
3kfgmLS7R9yEmTbez2m4mSeykJoxt6aECcz7AQexAT6F,8Q8KPBL21FVatn2C1EaxAQSorAkHW2W2jDUXapVPZmhm,22.3,3.0697,2.51,3.093e-07,Sold,"2WUSGiZxcVTWtzRoqFVeiWCPeRyfVptaq1Fmp7B35ogcAS662ZRwdXPJfJBDWLTNJX9cJ2ZTYeWy7bWxWKtJdMWN, 4YTag8CoQ34G3yEU3UTpFVFebSe7sPLfJPHrneT45ahZsmwAA51B1bdA2KPynEz2hnpeC3UeKbYtpFPnzNBxVYXN","3P2QyWvV4AqPUdPiQGfwo4P8YbVhM1ACxTzoM1MdCXjCdvAEZiEaypGLsk8ynYprSYjGskXDupBNFzqYNcSmx3GU, 5bsZds7QnRLyxmyo8Lu3JYAx2otxiUtDKgkVRaMsBwBvBcXY5gFeMoGyw2kRA29zNZCto8fadCFejVXX8JqC2nmb"
ADSiVsctnN2DuBoiN2rVh8D3YmcfUnSp5TRka8ZnBaz4,8Q8KPBL21FVatn2C1EaxAQSorAkHW2W2jDUXapVPZmhm,35.68,6.8343,5.037,3.09e-07,Sold,S1frTJgYsxD5RtufnSS5qwJ9yTVBQuKbud6yPTSRb9v6ittBy7iTr4wjnfYMfRyafM5CA3vpJBe9yJ58eMFM42Y,"2UU8ZohfRqJwD64Qhdu8zYze1V5RbkxHKTCsp4fTa7mcdGUc1AtTzp8YEXrJU7297e7ye15gMqYBvYsjsE8tXj89, 2atM4rTV241spAi5f41qJ8ThuXiNtKGqcYSw4ZkbwAX1Drg8HfnyA3LPTG6A7xf8grGd6GzVdQTdaFtizreChMnp, 42Cp6f8vMPXQz8DSWeAE9LznNBPFw42z9LSNcmcQXqAyPSgaEDkA3Xd4McgbsaPSiDiw1W546HHc1bigMCn9icnV, T9FMatx7hjUUqhGRFzwbdgHHdwPwVsqrrwb5cpcXZdcJwq2fPCuv1wpoJE6mJcHH9H6dKBZfsUggDXY1MCG3k4u"
8NVkytV1CtoNBXGFtwXwh4KQdbgVcA6hFmym1gMuRHru,8Q8KPBL21FVatn2C1EaxAQSorAkHW2W2jDUXapVPZmhm,21.26,3.7737,3.112,3.271e-07,Sold,"3uMkwhXUAo7VhAU7EonWCiQL3qTsSaN5q1r2cnMv52CCXkLGEhcbHfK3vcPUvn3e8MER1R3m9D6FxruP3XfeSCXs, 2sMTuror1YUNyaqDyPWDzbyLLtcifjz3RaFprvJ3tSsfC1joHW6424t6S6poEsP3nURSB5gQSyBwL58KBTP8YhkY",2yYnHPMr7xzVZKopdmK9yX6rziDZFVWFvEMcuZPxQHdsPyG3m4dVZNDYNdsJn6zw5smC1h8h8cnLpWPiJaAVnSnq
HbQ67j2qbcFNM2AnqhuSEsgEZ6Mv7DLrj8jEQydWoKqo,8Q8KPBL21FVatn2C1EaxAQSorAkHW2W2jDUXapVPZmhm,,0.0,4.082,3.188e-07,Holding 12803770.4702 tokens,"WD75G5czLPw6cdv6fGBnksszHBVSqW9RozmNii9YD3MhpxvijmGdkzBQkfdodjdYsByk3NYsLZCyrA18EeG4Jwd, 67LypkduedTc7sGaUBaEZPcAyBhS9MbUyN6Gbt9u7goyS68JTB5fqcnefmnWEtMfzQ5s42gTkatHPJU9R6m8rPA7",
8rYTzEQuKKPoYdMCHNkkUvz1toiedJ5SebYmjYBjHf51,8Q8KPBL21FVatn2C1EaxAQSorAkHW2W2jDUXapVPZmhm,,0.0,4.082,3.315e-07,Holding 12312522.5 tokens,"35y87WkcTShLMdztx8QeqkozKfw2HADK3Q64g1BkeRFtUkm1kkztz5STNZzcaAPvAPYXvvq9PjFUHn7sJm8rUn3W, 2uJMC7pbkZmicjpsTfxrijjPxhLSDeKJn2d67MYyteBoFgG1kep2GMB5yXss4cZcZb8ZZ1kRU4Vw7pNUYJu1RJ89",
Ec5RJtvmGQRcF2ViMWFe6ipPB8SY2mEUZF6rhjTL6nGF,8Q8KPBL21FVatn2C1EaxAQSorAkHW2W2jDUXapVPZmhm,,0.0,10.214,3.46e-07,Holding 29524392.0392 tokens,"4TQTZ2CA4ypuk5v6ffHQ73KP1WQ8D7BD22WztBf9vsmiaLiNCjeS3kmp9kJLrX6EHae8oGAJNwqNq4hyyfP8afuP, DiPoYExChWzeJoF2Cm6eChvs3D5FZpuEckKjFrJquqEAQ8dNDcZZpLp9zajbx8FiEFn8mMLfzCtjJ7SWrVvBGfv",
HQJQwZVotYFnYghcHQYbUhAo211Nx3k6YgFvTCuyQNUN,8Q8KPBL21FVatn2C1EaxAQSorAkHW2W2jDUXapVPZmhm,3.75,8.3273,8.0261,4.238e-07,Sold,"5KymPsqeSD4HhLaF7x8UPyGW5oxr3yNEFyRB3S3oH1ZH6UQS3HF9V9UAQPsv7ofjQSTZggAEguqTjA6qxq8unaFE, 5DCRnbJoXcaja36VFXvEiQ89ruzgVevvRrjPZBPrWLtHghnaDWmxUpmSuzTYaLQ9g7Tczw23ygTH4UtZPCccB3iM","5WFa4w6DDQsQcxEg7HjWazjqHabbjdq8zTKfG2LMMZz32AKLDkwjtbjnuMbPkQ3thPKsjV8vrMbhJK2pr4C2dQ9s, 4gJnMrsFdFuxaeqqY7VQ48PiuiFb3KJs6ZMYV3HbNaiKYPq8yki4coQV1s9wy64jx7mHb15QRtjJPT74FpynjTZ4"
7RCMLw96n4m25Gxx1E272pBtjhobPivq4bR4Jgd89Dj5,8Q8KPBL21FVatn2C1EaxAQSorAkHW2W2jDUXapVPZmhm,25.13,1.8796,1.5021,3.55e-07,Sold,4EXFg9z46JCgVAn5QWuKG2DrmtXgY7Y4c6RJnvCU337CrUD13GmKVgfzk11EKs2dYpnCh9LdvjxJQAi513TegD1r,"5a1gRo5nS2F1E1MQtWFbCGvPWYtkoFn7JR1dc86CW16LYYFGUauxhWAUdXihX5aRfDhQivTjss5nRYhgaQMXigef, 3cL4B7JyUuEfYMWh7CLQyngakTLzMyRbL4ZCPb2ZmKyQ3WC5zLbcoQpvjhuDoJqMdTfYcej9zTfgj89E61oZjqLe, 2jtKKMLmwWt4eT2WEYoEtEnpH5svJo2UvEAoon1kGyZT2KoXwPw6jpiC82eHzkQfMMV9N7mEPxUwVxwfUXznQmkS"
34Kq3jEpUxjr41CCE9ot6nSgdANgvqA44hLpYwuPHTB6,8Q8KPBL21FVatn2C1EaxAQSorAkHW2W2jDUXapVPZmhm,39.28,10.6743,7.6642,3.521e-07,Sold,"3qezav1cqRBYL7ivyCkhmXmikHX3TdwgRWwL6FfVTVRdtcs74TM295YaZW2wMHfr8ELvq8FRbAjEKeZr57bXdsMs, 52a5eayqTm49ycVP47Qnnmj484puq7v2G3rWM61Wz6tf43AfaXdpoAo34h5Tafh8bHxp8LguzTuExV9UReQFkMP6","2NchRhMTWZ4Tdsnx7Ap4HpL18Q5pFnbnPdkNwZJnsppBXvJkpzfXtRW2oy5RjwEx2T6hjr1nXdqnSvPg6J9iGpbN, 5cLHjHAsiUVTTSVS3xq3fBpdm6gCqhMYZHYBxAkj79kUEB9N6jxdmt4NrMohd2gcSPUWdz98yFX4YD6GAxjdqiP8, 5iD57eu4RQWaKCc23DY8wzVK3VwYSjF6gHfMZdPWnGhC38oQXHBsRzKfL1s74kNU5aTk14N9J3k7Euy92REybwzL, 3dFdUfL77STjHLSwYPRVkwJhofezLHLnQVw1TEBmrDJgXsrno1qyfz3LjqwvZKYrigi2WERHg5qYzAQCW5Fr4aew, 5AyLmRuzZ5iSEmqgyiMPdhX2AbFeoPbAdMVitVjEUCFYumnwAtyXikbNhC1qHbdTxyVGLAKeNkuadK89q7vNJST7, 2C89BFEwYsSfAsLhtDDhvsXduEFVtpsW38GWmYYNMJNP3biL1DEbLCHe82TcaxA51pxQH8MH2r85RhmZLiEr8nje, 4n3zRoWFrPZQEh5EDVyfeHmtMsTB3zimtHktUiAtm545WQ8E9vNvwDK6hc2f51jUjiYLYD6XNnhqzrSibEdjtcjy, 3abe4wd9hyRB4Kj8y3i8uCUvUvqxkXj2ZHpQTGGDT5xXMx3Nr8kbwhAvAdYy3YQeR6u1z1fL8ByA5p68r4yPar2V, 4WHiWNxx5255SbxF95XipsAUhzT7ArGQEaCc4hcJRLWDeWWifH5gv1nAoMohaArunzihR96pDqm8ajxvgs5wVUTW"
9X4Q4FM62mCUMhawpJ7CasK83EbuxB2K67T63GBcHnVS,8Q8KPBL21FVatn2C1EaxAQSorAkHW2W2jDUXapVPZmhm,19.24,2.3895,2.004,3.744e-07,Sold,2ixTEBWR1krpFjWS9Yx9fxB4Qbkd2grJHD6t5xmvwcopfPh77ToXypZy2sLibnZpTFYezki7ZoAXZ6c59R6nZQSs,"65KfVedgq378dkfVTtK3W971Ja8ryYi18Lo1zsv5zgZRCPgGczkUKDmyZEMuKmZc9qCF4n3pzPJSxihN9KhjhXwm, 2dRxprAibf3MNATE9uUmhGk42DqccoansbjRDgy4pFRjdvBGL3vZZsz2pD9fUGksjjzUo1tzX41GbTbVRmSnfESo"
9yYya3F5EJoLnBNKW6z4bZvyQytMXzDcpU5D6yYr4jqL,2KdMNf6tEQ9MWjvDFk9jKtcuTjKoipibCTqB9vtBpump,140.35,8.9218,3.712,9.54e-08,Sold,49ZpYA1o9rn1b1XBYFQg6ia727LvLv1g2jZUn5Ajfb1X3bctHRkX2Dk11uvmwuuM1bLXSG9iLL8dw2TDbszYvcu4,"5zBbgJH4tJSzpBmgmQ3zNdmJ2Gd6KGbghq5sPbpHtphYbH2ZmSHmKxksdi5kfQfzrSESRKrAdWMpQzysKAtWHqpn, i4e9JSbXZozX3WD1TaXdW4aMXYXnFq7xrnjqapc15x3e8TE4z2tCc33HX2x94CvFhN6pWJj2VGGDoN6Ta5QoYi8"
3Z19SwGej4xwKh9eiHyx3eVWHjBDEgGHeqrKtmhNcxsv,2KdMNf6tEQ9MWjvDFk9jKtcuTjKoipibCTqB9vtBpump,8.83,7.5975,6.9813,1.54e-07,Sold,"2EJYDQ2rFWH2CQSYFQPvPsRSQMHzKxXD3SHD8agBEL7Pb1HiYduDmAWUpBS46CrCT8VK6XKU2vSa8cnnziVAdteJ, 28jKz6AhiepWBbiyYHKNMbWSk8QUyQceoy8zKeouecN5gKJJNvEk5njDcJdUb3vtjgC1RqMG9UXegGHMHJzCiP5D","4kW46Kn2ygrSSeeoUz99LPmhfq4YzkLVig2f9xTzySCgFNoUSbQrMaezoCbvhjKtSmRNeqc3SG4UL8N5ZT334jN8, 45aFK6jX8tuH5NoRS3UgBLLGUJ2PnLAiMuacZBkqdwk6k7XvVLF4Rf4wgQaVSZRAKjWEXNMkWhcUPEVRazPeAfwx, 4TNioLjF6e6iZWdsXzKCkomBBNhPxePHZLZhWPLLSSdKbiNdRkBhumekWYvhSnTuY2gdyoLv3HAGMAXhpQDfXqW, 5WnqsGzY7TCyt88QhSTc2nPKPKqoEUmWoqhZviP2kUKkumUbD19w7awFivmpxXDSyWbdExHA4rXTPx4RQzdk3juS"
BYDRDSwcreaphCKnk2sfGXgk1MgE5oZbWiKgKVGSC9zH,2KdMNf6tEQ9MWjvDFk9jKtcuTjKoipibCTqB9vtBpump,152.22,4.0792,1.6173,1.148e-07,Sold,37WU79oMzXg9m6tPzWK3EMaSdLJxswZvcDMh9mSE9TqhxcnPqPUiP5ZiSRmedLgqesYMqBTaux272r4yQseHBxW6,"43NJ3hiwmHy2LqY95u63yLmJoWKr4M6zCrZHPsxjzqzxdKBWRjprYEtkGV1VBZmRmF6Ediz91obMZXXNgphDq17i, 2RLASXwKboCAeqyL34S33R4wEjNFH68F5XecYQwZEQxgMm2xqnzkftFwA7V6pxn2LkrerNxiJEHttMxE1oJGdJXd"
6x13RjmWK7RYAmQbQTRxw1H3PpNT4FDkZy6nBxpLXk3j,2KdMNf6tEQ9MWjvDFk9jKtcuTjKoipibCTqB9vtBpump,136.72,7.1111,3.004,1.224e-07,Sold,45ucobrbdwtVUbbH3QkcqXiRwMU95QMpGM5igNcGYXjCqeEN6oExEeUYMwNDGfNUCZQto4Zct7oeXngFbJNSDatD,"4gAAkgnQnnB845N2gZUqGCPdNjeKSP7E4vY1F5HpM8PSaHuTLqtFbZ2Ur3YtttFimykUHSScEAxZQVcGAfgWuAu, hy9go6W47gR8r8gr9oezJQCxz7vsyTuCkzQrfPEBMMT4xLaZfWnipAvHhfB3suc9qvSKNgyU62bSdvgNFL4MdHp, MV9VQrfvp8EkfZDckN6UxRVbG5EwYyKtHLX1Xf8iRvT3nagFm7miDRS29cXzXEoxEJLwMFiPSPCSxwbcMNGd2ax"
8g6ABtMuBdx2mm2UFixft2WNcLhYuYGKrrgnFEwi7Rxh,2KdMNf6tEQ9MWjvDFk9jKtcuTjKoipibCTqB9vtBpump,27.02,1.9244,1.515,1.332e-07,Sold,5K5cWTm6GRDLfdcJaQJund1LeXPsQcPL65rf6JKokbo8EwswCYGJqkjzG4E8vd8KMVvFHpY3MQ6vYG35tYQgqKgR,"3pZctcrvB7LAKDd3uBQxxk4ysU2Bg7ncg3hNCUWqMZUF3AKogNG7W6sUVjBNrzc3RhqwiWTfcfHEMcpmpHt9LJpm, 4skxMsT2iEGX3KfWME8ASPgkFVDB258GwdiimrUJRyPNd2Fqc1tpNMBggAv2aJ1vDyQzLDgz7XqaaijwJq1M5FCo"
GpoA8UkkGcAtKb93KSEKxhJo3bughr1fi44HaW1mSghq,2KdMNf6tEQ9MWjvDFk9jKtcuTjKoipibCTqB9vtBpump,31.02,3.9439,3.01,1.755e-07,Sold,"8EQPUK8tbNJoiywffkkAGDtkSGWvQaKdBoc5R5vcpJnd2F7dWDA1qnauaNUD2kTK1uZBK1RhqtjUTfbGEMytXPY, 4kA8CbrZt7EvzU28vzNrLbFHFnHKk4BDxMg6Bnopmsdk4kAKBndRp3zHz5WP7yG649UgWgbTWWDi3Z7n1rrUo6jM","5sTjGyespiE1qyQLvgygzeVFP3thwsN8xTxKENSDoeypinvTsEgMbjjUTJxfwVudms7xEpN1CwH3nPm444pU9dBb, 38ZVmvDqLTm1DZBpzjQjLRjgE1kX3djuxbFXyPs5c4uD7aZz199RGf6LYH1TdayN4JQUybXDzkxSH5eAgdFrUtBK, 2D3TcocbL3kfBAYQaXEJNKthWKRSUqmA9hFjxVtKWLmMWt2yyYLkfsR9Rx4i9bwDDD7jrjBVZ8bCyQFYMC9bLNdU, 2LJiw5WLoizFRdgG6SuxCLnTDmTGfLBPhLqDDLa6N2SdgdGmf9j1LEx3zMbSGHYg956e4ADA5urMohP7RCwQjSm8"
AUqmxUYP9pmU4JwMhQiDKc2TNUCzxE5SGoikqFuKCLQT,2KdMNf6tEQ9MWjvDFk9jKtcuTjKoipibCTqB9vtBpump,8.11,4.3823,8.1103,2.443e-07,"Partially sold, holding 13030527.6917 tokens","3HmeT1Fyb4F1oADZ8RxZZC3JnN6o6SbtGNNQkZjv7x2pxFTwX6Q6Dq3BDr4qnBoHXd3HuMEVKCqJJiSG2h7c8zsh, 4MzRL3H1w6c53vTkRFKi9MzZak9sWRudTuCcz44BboorEXUVcFxWCgpMcMNtK8FdqrNgCAFQKvpVTrudTozXgtN8, 3Aoe3vyTd7mfoyMUEQH7i5Gn9iJ1uGtcuSKiowb6Gsg2ZVXtQJA5DqmcsbRx5m26fP2xiR3HpaF8Lhnjn8rFwM1G, faymWUS3qYTMdzy4DA5SFo8tAqqZFHztV9YfVbN9dRqGQiV5P4i9mUWV5XAfxsqU7Vo8ravfCmaVcaHUzFLuh85, 5WagDuszdnXPte5ivJZ5GThw6pmPJgcc5D22UHMvndHJn9M5yzhBd2DAgtvT7UHxugXJDSzChc1MAFPuGTmdRHi6","3A8wMmciVA5RP7Yi9zQKk84t8Cph8ojTT8Wu9F8BTvGv4uYj5K3p2eKJJcA1km3ueAAsPidHqyXJHFszwVAZhnNF, 2f16zbxKaEtb2jQbEtc7Fvup91mYExkimw6LDngDLjdBLmcZEPtfXTaSJjmn1FepJRy3M2uRN6eW7ck6VrgdGH7u"
ECze1YGk4Y7JtGjFL2f7QiHcgccgMfTAuyMGZ8RzEjr8,2KdMNf6tEQ9MWjvDFk9jKtcuTjKoipibCTqB9vtBpump,46.11,2.934,2.008,1.439e-07,Sold,33RaGxCmB1dh8Zq35VBdimRuMy3MKzm1u146p4UERhRpuWMYPLJK9YDvYBAsF3Haox9wEok3bpNqPYZHsbXCwLE3,2JZFBt2E9dQPrh7a44cmZ8MSG2tg5EZMkQqamSJU2sCDJrMnc47SvDFd876LYgo8qLizeJKmKbLsNZxcfWQWKtMR
CyaE1VxvBrahnPWkqm5VsdCvyS2QmNht2UFrKJHga54o,2KdMNf6tEQ9MWjvDFk9jKtcuTjKoipibCTqB9vtBpump,42.21,15.1941,10.684,1.99e-07,Sold,"3ywiL6gbwbjh4UjvihyAu87AbMiQvj5xYaZeeq6DoybtHPPhPzSooAGE65enNc82rBoscbLkphwjMcqKhi6GfK6T, 5Gbr37vBFp67qnsSCnKJNyoejnNr4n4jR4nN1Gm3FDCLqT3hg8tpbLsqoe6LLRHcb3xNVdusGyM3tFUWFWWRsUxP, 3a7vW8oMfKPfCa3cRkoUGaJ8Mv8sEwQUiVnhknGbnSR3vvx3HLyC8XjBdrMiYZLHfJKYhw6VeYE4jBcvDchAKTAy, 47PgTMvB5e6dwmWJocXYWdd89bg6dhQpoodf4KeDdPmFAgqotYUAxrLVfe6Wefgp8VodzmKnop7bfeAPwTRD6Nqi","3nh2MPLttdS3ZWSesmtPDFFv6fnpVxYUeBmR1grmxptX2h4hSWQb6DAYXrv83Rk5qsWbxbbQTeUUkr93Ras5SKkP, 3U8KKNU2tySjC6MZiC47zmGZtuyfbQq7w1iFFSgu13DN5VgcMzH1SE3HJB4aQZ3GiMVUX7fNBKWqeVQKxJM17zyg, 4qiZGqgCzGEoysSXtkbhVrk42H7X7vEGoC1skXoe9PpShJg26JiG8ssgBMarushgGzeEXKgqCizMY2BtkcdmYiqA"
Cy5sfzcei2tKopkEYU2FebdibzmrnpKfPEMYQBwc4sZM,2KdMNf6tEQ9MWjvDFk9jKtcuTjKoipibCTqB9vtBpump,15.32,3.4908,3.027,1.757e-07,Sold,XRpziXVGTeKq5Hv51XtMctfwWctYS3N1kXa5PgxQyGMYniKFx6yXy9ebgftkbg2biyutx7USGVKoBWeDW7uWcdq,"5G2jFPALhQGKZpm7crrL75HvWkvUF56rh8KPAzNCFZF8U4JcGWHbx5wfuCgUeF1BFBvDd72g325hCMSso6WttZ5W, 2DqjpvNJTfoABZDnUW9zGRP3SyPHq7XTdxYn6W2xYtc4g7smGDwtRsYYMtPvGXmqVEw6QBpP9QqvQAMLFSVJaCRQ"
BunJme7F9VEDszKqT7JVGXHStmSB6ytqRdXEvpRqJasq,2KdMNf6tEQ9MWjvDFk9jKtcuTjKoipibCTqB9vtBpump,19.28,2.4238,2.032,1.889e-07,Sold,35hDFpX1ket2iv8uQ4WQma7AzbE6Y85qn3RKjZzh14YoyofzQNwh3LbLZr7K2HQrYE2sUtg3hBsJoZjAsbFGkLeR,GJie5xejH7SeJBiuoAYCCBZBrerBDFuBmEE4EKpSu3d8o83XPD4HZDQKoKPR7ezbti79wVdDPywZ6oQYheEQ5VL
9Px1QBpR7mYB7exCkVgUzW3kkxth8G9RXfb7HDM6FUgT,2KdMNf6tEQ9MWjvDFk9jKtcuTjKoipibCTqB9vtBpump,,0.0,4.0301,2.183e-07,Holding 18459624.0399 tokens,"4yMJdimS9mwFmbkMhSnMhQ1XNjh2ZFws2YyfSAdsi3Px3jkYmY4LYBg661SSaf6YqcrTXB2qRVDMNnzmdviSa6Wd, 3y9K1nfVcGfbE68ozoNcb7rcXyxH2DV3ayZ7uWWBfUugjwMefA6UKPoDZvH1dJTevGCU1ymz4t5DQ1sMQCtF4Gv, ANRfNop4SbptWij4CNVtnLCHAA8tNNRYHtQDJnjvGw7NMWZu4hjtdHTADc535vh6ENqLCYwHTnfQb3xNozB9bWn",
RxeyiZ3f2aT37G2k6CnBTGbiyUNmnR26UB8HXvo17t5,2KdMNf6tEQ9MWjvDFk9jKtcuTjKoipibCTqB9vtBpump,33.6,1.4114,7.043,2.246e-07,"Partially sold, holding 26655569.4988 tokens",4TEhGGY5bNoTRj2r1fi4Ex7siFV8sf5nNR4qevZgSRwwd45BBVqDkUrdjBd8RHubxHjE4ejsvaAa6e2JjR3UezwC,61CYPjnVn59oY6meHpjjkxcFyzcGDR8iysqJiVTLZkb8edDAdbyr5bLr5XWPh1wWb1vkgfqqno2ETPArrENMQ49U
KYSGYZp17p7hGsoTJRB4ffy3dpu5M6Xi77YKvB9Z4hs,2KdMNf6tEQ9MWjvDFk9jKtcuTjKoipibCTqB9vtBpump,,0.0,12.084,2.018e-07,Holding 59890629.1417 tokens,"upr9ifRdvwY4BcEd8Q3wDbTXpDjAhabSPbyB4TaV3HiEgL23AN8swzdryGY5zQ48N2BHEpyo8oh8eMFhJjqDy8y, 45xuXZamx44WAwr1Fsr6WKWyVdCw2Yv8pZJ9NqDfujLVEjK6GmvFovhbTsV9ToBjNCmEDz46BpXnjK8NUvmxExW7",
81yQpWq1eAQ3X6aRNo34WEa9uCQLc2hWdGvFTYEG2bTF,2KdMNf6tEQ9MWjvDFk9jKtcuTjKoipibCTqB9vtBpump,-11.91,2.6658,3.026,2.274e-07,Sold,"2TRUPbv19rZcbWtxu7C44UxU2MWm4KPYqk2ByjiWJyZxmLKd1ck8WSYwJKTSCiBtYnjgtQmwMDMESVY9D8ZHv4M6, FjvMUpxUNberBW8c4bWVVW3F28Rx8gyeujmaggiMYGrazhVyBSZhw8XNDGjkDkpFApgkyrXSytgaE4MYn2vXL5Q","2mPUAaA6UiL1vy1v68ZhoyLEcoH6C7rayJ2LgbYif5Nv7DJuSoQTgovpviSXd8ewwpDopid5KbCMUyCiQ8gXxdXT, 3VsWbZLbHhAFNpjqYJMwd7Zdn1ZBD9XFfrPdxHkghPcoiWEj3PnRi3B4g8PNdp8miemC4vHGjQaPnibjGnonwhxj, 4XFf9LjUZBxSDdcj532HpP6HhtP4k9HTa3iKzrxSjZZHvi2qCFqJ8A9RKfjqRzh1aTTcRSc1oMovxgNAc727LbKr, 5FdwDhU3jqwrpNYuYfbCvy67yW1RoQHco7SY1KJLLs4818d18Qejz8VwNwTeF2KPXn77iYWumkDvLTi547RTZtdH"
